Model,RMSE,R2
RandomForestRegressor,1.648532415806256,0.6578971050658592
XGBRegressor,1.706477887944998,0.6334247857424593
GradientBoostingRegressor,1.9697796059489687,0.5115759504344586
DecisionTreeRegressor,2.155581026772597,0.4150880808757238
LinearRegression,2.2131730839646035,0.38341560891957127
Ridge,2.2132845041876004,0.38335352457545224
