Model,RMSE,R2
GradientBoostingRegressor,0.40421587379680296,0.09192881840979406
Ridge,0.4079901558901696,0.07489179461056916
LinearRegression,0.4080007279666151,0.07484385011365868
RandomForestRegressor,0.4193834940869039,0.02250210340202985
XGBRegressor,0.4221287040988585,0.009663163854472745
DecisionTreeRegressor,0.5994584909025082,-0.9971532723405085
