Model,RMSE,R2
XGBRegressor,1.4157093379831847,0.6652219702893719
RandomForestRegressor,1.422266918570726,0.6621133967218453
GradientBoostingRegressor,1.710009759584277,0.5115659480631541
DecisionTreeRegressor,1.8718589800332464,0.4147316888747229
LinearRegression,1.9279505550624876,0.3791301952342363
Ridge,1.9280428475859623,0.379070750750644
