Model,RMSE,R2
RandomForestRegressor,1.211178362185384,0.5148271094128267
XGBRegressor,1.2305855862719421,0.49915427962338355
GradientBoostingRegressor,1.3191329589829426,0.42448392018895664
LinearRegression,1.46130053661506,0.29374846158126533
Ridge,1.4613048290250301,0.29374431250238464
DecisionTreeRegressor,1.6881788597055176,0.0574221404412556
